Model,Accuracy,Precision,Recall,F1 Score,ROC AUC
Logistic Regression,0.7836,0.30742418961310564,0.8328611898016998,0.4490835030549899,0.8869906687624538
Random Forest,0.8806,0.4385805277525023,0.45514636449480644,0.4467099165894347,0.8699046809749233
XGBoost,0.8948,0.5045751633986928,0.364494806421152,0.42324561403508776,0.8735536148789478
